scan,mz,i,label
0,155.4,29.485610974528036,False
0,158.4,20.67496116151104,False
