l,k,tpr,fpr
30,25,1.0,0.8298093155840921
30,28,1.0,0.4235740182105001
30,30,0.9995005378822807,0.31569479423241914
30,22,1.0,0.9992389228682922
30,32,0.9985784539726449,0.2774056956244984
30,38,0.9966958659904718,0.22330003044308527
30,45,0.9920854464422929,0.1826031605457615
30,64,0.964768710619333,0.13209531453242188
