l,k,tpr,fpr
30,25,0.9654218533886584,0.844321788326204
30,28,0.8421315506377747,0.4229198288947151
30,30,0.7950284309205471,0.31498551124603286
30,22,1.0,0.9994342486546157
30,32,0.7504994621177193,0.2711604801987029
30,38,0.6595205163669894,0.21537187801849042
30,45,0.5313892730905179,0.1791913895404995
30,64,0.3383663746734286,0.13460742376155652
