l,k,tpr,fpr
30,25,1.0,0.8267033991456916
30,28,1.0,0.4206007986531424
30,30,1.0,0.3130887284161901
30,22,1.0,0.9992764814737516
30,32,1.0,0.26951065102753546
30,38,1.0,0.21277010198828455
30,45,0.9999615798370985,0.18666777977209167
30,64,0.9986168741355463,0.13532579204407896
