l,k,tpr,fpr
30,25,0.8185799907791609,0.8397997842980006
30,28,0.34435992008606114,0.4210613644534167
30,30,0.2566082680190564,0.31085976604629295
30,22,1.0,0.9993639556428197
30,32,0.19017980636237897,0.26756726860429747
30,38,0.1358921161825726,0.20982550261331268
30,45,0.10922852312893806,0.17471861950720388
30,64,0.07238358690640849,0.13224191808854843
