l,k,tpr,fpr
30,25,0.9968111264791762,0.8326969173309549
30,28,0.9845166743506992,0.4260967723953398
30,30,0.9796757338251114,0.31779920842856346
30,22,1.0,0.9994843636769051
30,32,0.9684954664207777,0.27447182117174873
30,38,0.9356846473029046,0.2177239533976253
30,45,0.8962271400030736,0.18508556775740007
30,64,0.7487321346242508,0.13536150287084006
