l,k,tpr,fpr
30,25,0.8885431074227754,0.8405094585960721
30,28,0.5641616720454895,0.41773382593960945
30,30,0.4571999385277394,0.3108975249312481
30,22,0.9999615798370985,0.9992222006166838
30,32,0.39299984631934837,0.2728548015222645
30,38,0.30628553865068386,0.21024195116531014
30,45,0.23720608575380359,0.18018556071001973
30,64,0.14515137544183188,0.1314203172310342
